DTXSID,PREFERRED_NAME,CASRN,INCHIKEY,IUPAC_NAME,MONOISOTOPIC_MASS,AVERAGE_MASS,Alignment ID,Average Rt(min),Average Mz,Metabolite name,Compound Usage/Class,Adduct type,MSMS match,RT match?,comments,concat,Confidence level,ion mode,Post curation result,Fill %,MS/MS assigned,Reference RT,Reference m/z,Formula,Ontology,INCHIKEY,SMILES,Annotation tag (VS1.0),RT matched,m/z matched,MS/MS matched,Manually modified for quantification,Manually modified for annotation,Isotope tracking parent ID,Isotope tracking weight number,Total score,RT similarity,Dot product,Reverse dot product,Fragment presence %,S/N average,Spectrum reference file name,MS1 isotopic spectrum,MS/MS spectrum,Blank 1,Blank 2,Blank 3,Blank 3,Blank 4,Blank 5,Blank 6,Blank 7,Blank 8,ISTDs Mix 1,ISTDs Mix 1,QC 1,QC 2,QC 3,QC 4,Method Blank,Lebanon,Portland,Woodburn,Salen,Beaverton,Ellmaker,Field Blank,Primo,Newport,Philomath,Toledo,Corvallis,Eugene,Brownsville,1,1,average blank,average ext. blank,average sample,blank sub,ext blank sub
DTXSID801302673,"Benzoic acid, 2-chloro-, ion(1-)",16887-75-5,IKCLCGXPQILATA-UHFFFAOYSA-M,2-Chlorobenzoate,154.9905306,155.56,462,1.003,154.99879,2-Chlorobenzoate,,[M-H]-,yes,yes,3 peaks,yes_yes,Level 2a,HILIC_NEG,ion correlated with 1493; ion correlated with 933; found in higher mz's MsMs_1493; found in higher mz's MsMs_933,0.3,TRUE,null,155,C7H5ClO2,Halobenzoic acids,IKCLCGXPQILATA-UHFFFAOYSA-N,OC(=O)c(c1)c(Cl)ccc1,430,TRUE,TRUE,TRUE,FALSE,FALSE,null,null,83.1,null,68.7,84.6,75,32.05,Sample 10,154.99879:6168 156.00214:434 157.0055:622,41.0038:60 67.01923:822 83.01371:70 96.96352:83 110.99608:93 111.00949:1049 112.20565:115 135.00902:20 154.94441:267 154.96758:214 154.97734:179 154.99806:3544 155.03221:107,46,59,48,48,65,103,105,109,111,60,63,2895,3083,3482,3235,140,6168,4024,644,870,502,54,88,48,3218,2879,1131,912,1618,3478,1309.570833,1663.607328,77.11111111,140,1965.076923,25.4837065,14.03626374
DTXSID80862047,2-Hydroxy-4-methylpentanoic acid,498-36-2,LVRFTAZAXQPQHI-UHFFFAOYSA-N,2-Hydroxy-4-methylpentanoic acid,132.0786442,132.159,234,12.454,131.06941,2-Hydroxyisocaproic acid,,[M-H]-,yes,yes,2 peaks,yes_yes,Level 2a,RP_CART_NEG,similar chromatogram in higher mz_5873; similar chromatogram in higher mz_6386; similar chromatogram in higher mz_6415; similar chromatogram in higher mz_4082,0.233,TRUE,null,131.07085,C6H12O3,Hydroxy fatty acids,LVRFTAZAXQPQHI-UHFFFAOYSA-N,CC(C)CC(O)C(O)=O,430,TRUE,TRUE,TRUE,FALSE,FALSE,null,null,83.6,null,67,77.5,100,26.59,Sample 2_Philomath,131.06941:16309 132.07276:770 133.07612:0,42.0023:22 42.98619:14 42.99903:128 44.99864:199 57.03199:7 59.01274:17 61.98672:12 68.99592:10 69.03334:94 72.55113:12 72.99146:12 73.42557:8 84.95899:12 85.06646:2660 86.94945:19 86.96132:11 86.97594:786 88.77827:10 91.02752:11 93.31437:11 94.31237:10 99.92662:43 100.93369:4071 102.00319:10 102.93219:154 102.96996:47 110.55597:12 110.98171:7 113.05914:113 113.92415:8 115.27569:7 128.94896:12 129.05464:86 130.64284:15 130.94304:66 131.07196:20274,5,15,0,9,5,16,12,28,15,5,9,2242,1773,1842,2026,12,597,36,11,8,3236,8,9,5,144,16309,948,1695,457,9,1049.5,3013.953804,11.66666667,12,4279.333333,366.8,356.6111111
DTXSID0048006,Acesulfame,33665-90-6,YGCFIWIQZPHFLU-UHFFFAOYSA-N,"6-Methyl-2H-1,2lambda~6~,3-oxathiazine-2,2,4(3H)-trione",162.9939288,163.15,174,3.936,161.98624,Acesulfame,,[M-H]-,yes,no,poor alig,yes_no,Level 2b,RP_Plate_NEG,,0.033,TRUE,1.5,161.98669,C4H5NO4S,Organic sulfuric acids and derivatives,YGCFIWIQZPHFLU-UHFFFAOYSA-N,S1(NC(C=C(O1)C)=O)(=O)=O,430,TRUE,TRUE,TRUE,FALSE,FALSE,null,null,90.6,100,80.9,86.3,100,13.78,Sample 15,161.98624:1737 162.98959:154 163.99295:20,40.0185:33 41.00032:5 41.99722:8 44.99668:14 61.98674:5 70.02894:15 73.94602:80 77.96451:26 81.77192:4 82.02986:1799 83.18446:3 88.84476:5 90.54041:5 98.0246:31 99.92567:6 99.94036:16 99.96484:4 100.92783:16 101.94882:4 101.96465:12 106.01763:3 108.77746:3 110.27607:3 111.68555:3 112.92592:3 114.48523:5 115.91916:74 115.93287:10 116.92737:7 116.98563:11 117.91336:5 117.93463:117 117.95165:123 117.99101:9 118.92699:9 119.97713:6 121.2928:3 123.14548:3 125.86456:3 127.92779:3 129.93633:5 130.91396:3 132.03365:5 132.62518:3 133.95045:5 135.52736:3 138.76192:3 140.44806:3 141.92377:7 142.9501:3 143.89787:6 143.91432:6 143.92372:115 144.88768:4 147.04372:3 147.55132:3 154.51064:3 159.64781:3 159.93878:5 161.40376:4 161.45728:8 161.89067:15 161.91187:12 161.93678:40 161.96046:102 161.96671:87 161.98665:5714 162.26849:4,5,5,17,5,5,5,5,10,5,5,5,42,59,49,82,5,5,10,5,9,6,1737,9,19,5,5,5,25,5,5,71.98333333,315.0841533,6.888888889,5,141.6153846,20.55707196,28.32307692
DTXSID3020209,Butylparaben,94-26-8,QFOHBWFCKVYLES-UHFFFAOYSA-N,Butyl 4-hydroxybenzoate,194.0942943,194.23,763,5.936,193.08693,Butylparaben,,[M-H]-,yes,no,poor alig,yes_no,Level 2b,RP_CART_NEG,found in higher mz's MsMs_1846,0.033,TRUE,24.575,193.08701,C11H14O3,p-Hydroxybenzoic acid alkyl esters,QFOHBWFCKVYLES-UHFFFAOYSA-N,CCCCOC(=O)C1=CC=C(O)C=C1,430,TRUE,TRUE,TRUE,FALSE,FALSE,null,null,83.2,98.3,66.8,74.2,100,95.18,Sample 13_Ellmaker,193.08693:14283 194.09028:2461 195.09364:627,43.00056:20 61.98942:26 90.02166:91 91.05428:250 102.93187:161 102.94579:45 102.95572:10 107.67563:108 108.43414:50 109.90268:43 110.62984:142 112.82256:101 114.95488:44 124.98123:61 131.01454:28 131.08855:26 131.58018:37 132.77043:51 132.99173:87 134.21442:36 135.04518:73 138.40536:36 140.68701:57 142.8784:136 145.92914:75 146.91167:69 146.92354:131 147.33104:91 148.89854:30 148.91885:22 148.93799:23 148.99895:28 149.02286:167 149.08983:207 149.097:4346 150.16573:24 152.99713:34 153.18497:54 154.88318:58 156.65694:40 163.00024:43 164.89397:61 165.06255:26 169.83943:266 172.98114:74 173.00175:43 173.02623:20 174.94217:34 175.01991:45 175.03806:23 175.05101:61 180.15987:32 184.20653:30 189.92793:42 192.44556:65 192.45915:89 192.88876:47 193.08743:28503,24,77,15,47,30,46,18,15,9,61,55,1562,1186,1472,1649,23,753,372,92,557,857,14283,20,50,422,1333,723,976,409,518,921.7729167,2579.131212,31.22222222,23,823.6666667,26.38078292,35.8115942
DTXSID5041809,Cyclamic acid,100-88-9,HCAJEUSONLESMK-UHFFFAOYSA-N,Cyclohexylsulfamic acid,179.0616145,179.23,536,5.391,178.05276,Cyclamate,,[M-H]-,yes,yes,poor alig,yes_yes,Level 2a,RP_CART_NEG,,0.033,TRUE,3.4,178.05431,C6H13NO3S,Cyclamates,HCAJEUSONLESMK-UHFFFAOYSA-N,C1(CCCCC1)NS(O)(=O)=O,430,TRUE,TRUE,TRUE,FALSE,FALSE,null,null,89.5,100,83.9,78.7,100,36.98,Sample 13_Ellmaker,178.05276:2748 179.05611:505 180.05947:0,42.9986:9 44.99755:55 59.98539:5 61.98936:26 79.95797:22 101.93948:30 115.9356:31 132.01186:90 133.94664:122 133.95911:41 133.97612:29 134.06796:22 141.93153:14 145.92665:10 148.00575:11 158.94159:9 159.92603:32 159.93594:16 159.94957:20 160.00778:10 176.94536:12 177.88206:9 177.93694:24 177.96176:10 178.03363:19 178.05453:5562,0,0,0,5,5,0,0,0,0,5,15,242,348,234,304,9,147,23,67,20,210,2748,0,18,24,98,28,462,89,49,171.6645833,501.7467808,1.111111111,9,148.6666667,133.8,16.51851852
DTXSID3042003,Glycerol 1-monooleate,111-03-5,RZRNAYUHWVFMIP-KTKRTIGZSA-N,"2,3-Dihydroxypropyl (9Z)-octadec-9-enoate",356.2926598,356.547,7449,14.654,357.29959,monoolein,,[M+H]+,yes,yes,multiple peaks,yes_yes,Level 2a,RP_Plate_POS,ion correlated with 7448,0.367,TRUE,null,357.2999,C21H40O4,,RZRNAYUHWVFMIP-KTKRTIGZSA-N,O=C(OCC(O)CO)CCCCCCCC=CCCCCCCCC,430,TRUE,TRUE,TRUE,FALSE,FALSE,null,null,82,null,60.1,87.1,83.9,16.58,Sample 2,357.29959:3202 358.30294:1251 359.3063:177,41.03831:144 43.05422:127 46.06429:65 55.01154:37 55.05296:229 57.03211:65 57.06836:160 60.08268:20 65.03882:20 67.05284:171 69.06907:177 69.07558:36 71.08379:92 75.04303:83 77.04096:20 79.05382:115 81.07058:95 83.08507:160 85.06734:56 89.96029:20 93.06848:76 94.03868:20 95.08363:146 97.06631:106 97.10202:183 105.03088:32 107.08274:168 109.0951:76 109.10226:159 111.07973:25 121.09978:108 121.18279:20 124.96883:20 125.13095:43 131.08437:35 135.11536:128 139.11264:55 145.09923:36 149.13043:74 151.0686:32 163.14682:50 165.16241:30 167.14099:55 172.16145:20 177.16885:20 185.11295:20 187.14561:33 191.1806:68 205.1962:38 217.87175:21 234.86621:35 247.24353:336 265.25308:130 265.92996:21 279.22931:33 311.18716:47 325.18414:37 339.2977:80 340.0939:21 357.16827:83 357.25897:160,17,61,13,25,59,9,5,12,30,17,145,80,1737,1846,1708,232,1638,1871,1905,2689,2125,2674,3202,2772,2573,2716,2002,2666,1997,2443,1308.922917,1170.654598,25.66666667,232,2313.153846,90.12287712,9.970490716
DTXSID8047686,(3aR)-(+)-Sclareolide,564-20-5,IMKJGXCIJJXALX-SHUKQUCYSA-N,"(3aR,5aS,9aS,9bR)-3a,6,6,9a-Tetramethyldecahydronaphtho[2,1-b]furan-2(1H)-one",250.1932801,250.382,3484,13.031,273.18082,norambreinolide,,[M+Na]+,yes,no,,yes_no,Level 2b,RP_Plate_POS,adduct linked to 2478_[M+H]+,0.433,TRUE,8,273.17999,C16H26O2,Naphthofurans,IMKJGXCIJJXALX-SHUKQUCYSA-N,O=C1OC2(C)CCC3C(C)(C)CCCC3(C)C2C1,430,TRUE,TRUE,TRUE,FALSE,FALSE,null,null,83.6,99.9,54.9,93.9,100,16.57,Sample 6,273.18011:5004 274.18346:733 275.18682:1094,41.0393:120 43.05395:77 46.06466:180 55.05336:91 55.45602:20 58.06915:20 67.05405:87 77.03536:20 81.06483:42 81.9749:20 83.04888:30 83.08638:52 84.96841:20 91.05383:80 93.07362:24 95.08309:40 95.09169:20 100.97038:20 105.06443:56 109.10268:33 119.09064:38 123.11568:36 127.05298:20 131.08589:20 133.10225:36 135.11577:26 141.07478:20 143.88916:269 145.1008:31 146.9355:66 149.13083:44 150.95224:34 152.12915:20 153.12875:20 155.05972:43 157.08748:33 158.05026:20 162.91956:31 163.14845:50 164.87212:35 164.90858:20 178.90889:43 180.90071:24 181.07202:20 183.40599:20 192.91582:73 192.93623:21 196.95721:21 201.06966:28 211.00702:36 222.92694:42 227.15163:21 236.96989:57 255.088:21 258.12271:21 273.14444:309 273.16388:244 273.17682:305 273.19141:123,451,350,432,450,1216,571,473,1404,406,1878,1878,734,5111,4830,4606,757,1922,5116,4999,5878,5086,6155,5426,4992,4974,4446,5004,5644,4897,4646,3157.739583,2189.795364,639.2222222,757,4904.538462,7.672665766,6.478914744
DTXSID5021251,Saccharin,81-07-2,CVHZOJJKTDOEJC-UHFFFAOYSA-N,"1H-1lambda~6~,2-Benzothiazole-1,1,3(2H)-trione",182.9990142,183.18,577,4.568,181.99026,Saccharin,,[M-H]-,yes,yes,poor alig,yes_yes,Level 2a,RP_CART_NEG,ion correlated with 5961; ion correlated with 7040; ion correlated with 6149; ion correlated with 5285; ion correlated with 5319; ion correlated with 6085; ion correlated with 6120; ion correlated with 6408; ion correlated with 7065; ion correlated with 5363; found in higher mz's MsMs_7211,0.2,TRUE,2.5,181.9917,C7H5NO3S,Benzothiazoles,CVHZOJJKTDOEJC-UHFFFAOYSA-N,c12c(C(=O)NS1(=O)=O)cccc2,430,TRUE,TRUE,TRUE,FALSE,FALSE,null,null,86.4,100,88,83.5,50,84.17,Sample 13_Ellmaker,181.99026:21809 182.99361:2681 183.99697:1341,41.99999:181 42.15755:20 78.91831:20 103.16251:95 105.96381:20 113.9897:57 119.93386:163 125.51283:226 135.92642:67 136.98131:60 137.94133:112 137.98505:22 149.91733:20 152.08498:94 161.54414:48 164.98575:21 167.26314:76 177.20744:57 181.38718:72 181.99316:29993,148,167,139,229,212,152,168,164,196,194,187,2186,2850,2737,2577,201,308,355,463,273,1436,21809,322,319,244,486,423,446,552,801,1358.20625,3948.402405,175,201,478.5555556,2.734603175,2.380873411
DTXSID1040245,Sucralose,56038-13-2,BAQAVOSOZGMPRM-QBMZZYIRSA-N,"1,6-Dichloro-1,6-dideoxy-beta-D-fructofuranosyl 4-chloro-4-deoxy-alpha-D-galactopyranoside",396.0145507,397.63,5285,4.511,395.00665,Sucralose,,[M-H]-,yes,yes,poor alig,yes_yes,Level 2a,RP_CART_NEG,ion correlated with 6354; ion correlated with 5319; ion correlated with 6085; ion correlated with 6120; ion correlated with 6381; adduct linked to 5937_[M+Cl]-; similar chromatogram in higher mz_6085; similar chromatogram in higher mz_6120; similar chromatogram in higher mz_6354; similar chromatogram in higher mz_6381; similar chromatogram in higher mz_6408; found in higher mz's MsMs_6085; found in higher mz's MsMs_5948; adduct linked to 4403_[M-H]-,0.267,TRUE,null,395.00726,C12H19Cl3O8,C-glycosyl compounds,BAQAVOSOZGMPRM-QBMZZYIRSA-N,C([C@@H]1[C@@H]([C@@H]([C@H]([C@H](O1)O[C@]2([C@H]([C@@H]([C@H](O2)CCl)O)O)CCl)O)O)Cl)O,430,TRUE,TRUE,TRUE,FALSE,FALSE,null,null,81.3,null,56,86.2,100,151.84,QC 4,395.00479:13467 396.00814:3230 397.0115:16867,44.99762:149 59.01312:20 68.99473:20 113.02444:20 127.04161:20 171.29503:20 174.955:34 183.0676:27 190.93745:20 223.06259:21 229.21031:67 235.7182:136 239.896:21 242.94119:29 247.09908:32 250.07489:21 259.13757:41 263.9895:247 271.13324:52 273.11414:52 275.31671:134 277.1073:25 281.85416:80 289.10416:33 291.11777:21 295.07339:29 306.09888:21 307.08331:21 307.13309:21 307.18973:21 310.9314:21 319.08075:27 319.12976:21 323.11575:35 326.89621:42 326.96353:53 327.01135:51 327.0946:55 327.14951:22 331.1174:24 331.14056:21 333.05936:52 333.138:38 338.70117:20 348.95499:40 349.04831:55 349.08856:79 349.12332:182 349.13431:182 349.14896:205 349.1691:161 349.1947:29 351.02188:45 351.07877:213 351.10629:61 351.14301:114 351.17972:47 359.01828:33 359.02942:211 359.04056:49 359.11108:45 363.07544:48 364.96286:20 372.11923:21 376.85776:55 377.00037:30 377.08215:48 377.11829:56 377.14682:49 377.16394:26 394.85919:50 395.00128:150 395.00519:1230 395.02658:460 395.03827:901 395.05383:1220 395.08109:1095 395.10056:1557 395.12976:1914 395.1843:144,5,5,7,5,0,5,5,16,5,5,5,11808,12144,13711,13467,0,6092,1169,39,815,882,120954,5,5,387,1806,827,9092,351,1030,6488.3,22089.96862,5.888888889,0,2802,475.8113208,#DIV/0!
,,,,,,,912,9.066,193.15738,(1-Hydroxy-iso-propyl)acetophenone,,[M+H]+,no,yes,,no_yes,Level 3,RP_Plate_POS,adduct linked to 1261_[M+NH4]+; found in higher mz's MsMs_1296,0.433,TRUE,9.01,193.159,null,null,null,null,annotated by user-defined text library,TRUE,TRUE,FALSE,FALSE,FALSE,null,null,98.5,96.9,null,null,null,286.77,Sample 9,193.15869:42663 194.16204:5866 195.1654:371,40.97043:244 41.03755:48 41.24426:20 43.01874:221 51.93796:34 52.94739:29 53.94782:97 55.93868:20 56.95872:187 56.96389:116 57.06967:36 65.04573:20 67.05504:85 68.98016:20 70.98285:20 72.98742:101 73.93446:35 79.05446:57 82.95808:20 84.95329:26 84.96052:689 91.05502:57 93.06821:37 95.08526:58 97.94527:20 100.99133:65 103.00254:54 103.02044:20 105.0366:57 106.95779:27 109.06512:44 111.04432:20 116.93186:35 117.06961:37 120.88071:20 125.93727:33 130.89452:31 130.90797:108 131.00325:54 131.01222:52 133.06755:36 147.07959:62 149.01997:45 150.03453:20 160.93431:20 178.07961:95,204,216,160,146,19604,14099,2169,38800,3991,35165,35165,176,42752,18633,42834,220,43237,51153,44175,16139,51205,44518,351,39619,41134,41522,43785,11786,49971,42663,25853.11042,19653.70125,8821,220,40069.76923,4.542542708,182.1353147
DTXSID501060858,(1-Methylheptyl)phenol,27985-70-2, , , , ,15499,4.912,476.30487,(1-methylheptyl)phenol,,[M+NH4]+,no,yes,,no_yes,Level 3,RP_CART_POS,ion correlated with 14896; ion correlated with 15651; adduct linked to 14896_[M+H]+; similar chromatogram in higher mz_15531; similar chromatogram in higher mz_16853; similar chromatogram in higher mz_16045,0.967,TRUE,4.9,476.30801,null,null,null,null,annotated by user-defined text library,TRUE,TRUE,FALSE,FALSE,FALSE,null,null,100,100,null,null,null,200.32,Sample 11_Corvallis,476.30823:108198 477.31158:36349 478.31494:6496,43.01279:72 43.01793:214 45.03332:6433 48.76236:20 56.04842:20 59.04957:24 67.2362:20 71.08001:20 73.06416:77 73.36591:20 83.04613:44 85.02705:74 87.03678:50 87.04227:367 89.05983:4986 91.07713:65 97.06472:25 98.03414:20 99.04736:20 103.034:32 103.04096:52 107.34781:20 109.11897:20 111.08007:69 113.05759:31 117.08723:54 119.09805:20 123.04604:40 124.075:35 125.05458:28 126.0875:24 128.01309:124 129.06815:34 131.06897:161 133.08519:3794 135.11566:60 137.02388:34 137.05713:60 138.02904:50 139.07829:26 141.0677:24 145.07591:20 146.09592:20 147.99527:48 150.08923:52 152.06743:21 154.08411:36 155.06937:38 159.09865:20 161.09537:34 162.05663:39 163.03949:47 164.10815:45 167.02475:42 167.10959:20 169.09848:20 171.07991:28 175.07481:43 175.09297:151 176.11195:75 177.10521:162 177.11041:1947 179.02277:48 181.01521:29 181.10089:63 181.47546:20 184.07774:32 188.07834:42 189.08453:20 190.12448:58 191.06978:40 195.10693:57 195.13429:21 197.08907:33 198.12457:30 202.05136:32 203.10258:42 207.10071:29 208.11269:21 211.06807:60 212.07257:44 214.10448:21 215.10323:42 216.09856:32 217.08607:23 219.11426:21 221.14021:343 224.12036:56 225.05843:21 229.06441:29 231.10001:26 232.03464:73 233.1132:27 234.10135:21 235.15016:21 237.01648:21 239.0522:37 239.13853:97 242.00398:21 244.02118:66 245.04903:22 245.1257:32 247.14198:42 249.1557:35 251.10617:28 253.06581:21 256.07599:33 259.11182:52 262.05615:21 263.10693:36 263.15302:21 265.16061:177 269.1264:63 270.07373:21 274.09378:21 275.17004:57 278.04062:21 283.11725:43 283.16998:40 291.65079:47 292.16125:59 293.15329:21 295.10205:21 299.63242:56 301.12811:48 304.03333:25 305.0282:40 306.11896:56 306.9765:21 308.10339:21 309.19104:79 311.10934:58 313.15494:21 318.06409:33 319.1149:80 321.13568:21 323.05896:48 326.14392:26 327.13:29 327.2009:73 328.12823:25 334.05646:21 336.15988:21 338.06992:90 344.10504:71 345.13977:59 349.12204:34 352.08054:27 353.21185:75 353.23761:21 357.08478:21 360.06189:27 362.13364:82 366.04758:39 370.99692:21 371.229:111 375.19354:24 377.12759:50 382.15677:26 384.10675:39 386.16754:29 388.11032:21 390.19922:54 396.17975:72 398.1319:21 405.16385:36 412.15198:41 413.17081:21 414.16895:21 415.24814:127 418.40799:21 422.21161:21 426.08298:32 430.19547:74 438.20694:21 440.10782:56 440.22702:42 441.26141:46 444.07257:44 444.21088:86 445.27686:28 456.18231:22 458.0903:39 458.13852:58 458.16577:72 458.18884:70 458.27063:68 459.27982:2536 476.12927:221 476.14209:148 476.16562:208 476.18271:227 476.2041:257 476.21692:150 476.24042:293 476.30029:138 476.31097:150,6920,5500,6813,6813,5968,4209,4163,4342,4216,1714,2053,104734,106862,94047,94925,27384,83548,49251,66330,45239,62176,26601,9304,113014,10758,502944,42900,108198,41059,42414,56146.60833,92864.54262,5438.222222,27384,155812.7778,28.65141795,5.68992031
DTXSID10448691,"(1R,4R,5S)-4-Hydroxy-6,6-dimethyl-3-oxabicyclo[3.1.0]hexan-2-one",73611-02-6,QHAPONCMFJQXEN-MROZADKFSA-N,"(1R,4R,5S)-4-Hydroxy-6,6-dimethyl-3-oxabicyclo[3.1.0]hexan-2-one",142.0629942,142.154,407,1.415,145.04755,"(1R, 4R, 5S) 4-hydroxy-6,6-dimethyl-3-Oxabicyclo[3.1.0]hexan-2-one",,[M-H]-,no,yes,poor alig,no_yes,Level 3,HILIC_NEG,ion correlated with 3400; ion correlated with 1025; ion correlated with 861; ion correlated with 7301; ion correlated with 4941; ion correlated with 7194; ion correlated with 718; ion correlated with 1550; ion correlated with 556; ion correlated with 572; ion correlated with 436; ion correlated with 2346; ion correlated with 3709; ion correlated with 833; ion correlated with 1752; ion correlated with 2086; ion correlated with 1189; ion correlated with 3774; ion correlated with 592; ion correlated with 1024; ion correlated with 690; ion correlated with 446; ion correlated with 622; ion correlated with 277; adduct linked to 286_[M-H2O-H]-,0.3,FALSE,1.43,145.05099,null,null,null,null,annotated by user-defined text library,TRUE,TRUE,FALSE,FALSE,FALSE,null,null,96.1,98,null,null,null,38.85,Sample 6,145.04755:2444 146.0509:0 147.05426:1168,,31,114,66,41,45,130,91,181,60,102,151,1343,1963,2125,2309,140,1896,1668,799,1308,2648,395,166,242,1935,1561,2444,1842,2095,1902,993.1604167,939.319656,84.33333333,140,1595,18.91304348,11.39285714
,,,,,,,6747,12.056,487.34106,"(1R,2R,4aS,6aS,6bR,10S,12aR,14bS)-1,8,10-trihydroxy-1,2,6a,6b,9,9,12a-heptamethyl-2,3,4,5,6,6a,7,8,8a,10,11,12,13,14b-tetradecahydropicene-4a-carboxylic acid",,[M-H]-,yes,no,,yes_no,Level 2b,RP_CART_NEG,found in higher mz's MsMs_7440; found in higher mz's MsMs_7328,0.233,TRUE,5.525,487.3429,C30H48O5,Triterpenoids,JPGOJQJBPLCRQP-YHJYJCICSA-N,O=C(O)C12CCC(C)C(O)(C)C2C3=CCC4C5(C)CCC(O)C(C)(C)C5C(O)CC4(C)C3(C)CC1,430,TRUE,TRUE,TRUE,FALSE,FALSE,null,null,83.9,99.8,70.5,74.4,100,202.49,Sample 8_Beaverton,487.34106:30620 488.34441:13500 489.34777:4208,44.99685:74 45.00211:20 294.12918:71 302.98688:21 304.91476:21 318.16693:217 319.51535:148 322.99481:23 332.52921:67 337.25754:21 343.24307:89 347.53894:103 350.71967:88 356.85995:150 363.00128:51 383.01135:44 387.01263:21 389.15247:21 401.0397:21 403.01141:54 405.24622:182 407.00888:21 416.13925:126 418.91913:21 423.05096:103 426.97836:21 427.00061:28 441.06769:53 441.16437:41 441.20554:37 441.22815:34 441.2652:65 441.28372:32 443.00754:21 443.20547:41 443.24051:59 447.64362:22 449.13898:26 451.16095:47 451.26917:31 454.86752:22 460.59033:22 464.45566:22 466.99002:36 467.01755:64 467.09375:33 469.28723:68 469.84329:22 474.95673:22 480.46274:22 485.68094:22 486.87534:24 487.01367:83 487.31418:1742 487.33578:10276 487.82672:153,6,6,10,6,0,6,6,6,0,6,6,4110,4329,4526,5012,7,3340,102,112,19,30620,18,6,0,785,11466,1410,1139,366,66,2249.522917,5912.345991,5.111111111,7,3249.666667,635.8043478,464.2380952
,,,,,,,290,10.266,195.13861,"(1R,2R,4S)-1,3,3-trimethylbicyclo[2.2.1]heptan-2-yl acetate",,[M-H]-,no,yes,,no_yes,Level 3,RP_Plate_NEG,ion correlated with 505; similar chromatogram in higher mz_505; similar chromatogram in higher mz_1090; found in higher mz's MsMs_1090; found in higher mz's MsMs_505,0.333,TRUE,10.19,195.13901,null,null,null,null,annotated by user-defined text library,TRUE,TRUE,FALSE,FALSE,FALSE,null,null,93.8,88.9,null,null,null,92.5,Sample 12,195.13744:6983 196.14079:1067 197.14415:122,42.99917:30 44.99682:15 102.93261:12 104.92863:239 104.99486:11 105.93232:10 119.94003:5 126.97842:63 130.99068:67 131.00189:48 131.01422:69 132.90669:34 132.95187:14 132.99026:17 133.00722:10 133.90335:18 148.91849:265 148.9424:10 148.98424:507 149.00217:33 149.9062:16 149.98416:89 150.90199:11 150.91524:193 150.93088:20 150.93568:48 150.99828:34 151.91316:38 151.92282:30 151.95541:8 154.98886:14 167.14371:22 174.94044:12 175.01947:58 176.89687:20 176.93855:21 176.97896:233 176.99719:38 177.01674:111 177.93796:12 190.99667:10 194.90544:88 194.93826:18 194.97244:42 194.98886:279 195.12155:45 195.13933:3839,189,130,2294,2294,2178,1934,142,24,25,2281,23,5297,73,696,5738,808,7301,6501,6983,6094,6759,38,6772,230,6034,262,6189,331,195,1030,2628.195833,2805.493351,1023.333333,808,3688.230769,3.604134302,4.564642041
,,,,,,,16066,4.547,491.20721,"(1R,5S)-3-((3-benzyl-7-hydroxy-4-methyl-2-oxo-2H-chromen-8-yl)methyl)-3,4,5,6-tetrahydro-1H-1,5-methanopyrido[1,2-a][1,5]diazocin-8(2H)-one",,[M+Na]+,yes,yes,,yes_yes,Level 2a,RP_CART_POS,ion correlated with 15009,0.333,TRUE,6.35,491.20001,C29H28N2O4,Cytisine and derivatives,DHCSEHRBYOAURX-RTWAWAEBSA-N,O=C1OC2=C(C=CC(O)=C2CN3CC4C5=CC=CC(=O)N5CC(C3)C4)C(=C1CC=6C=CC=CC6)C,430,TRUE,TRUE,TRUE,FALSE,FALSE,null,null,80.8,100,72.6,73.7,66.7,11.64,Sample 14_FieldBlank,491.20187:1758 492.20522:458 493.20858:252,190.12457:38 209.1244:21 223.10536:20 239.09924:20 257.09442:21 271.1196:50 280.87527:21 297.10297:21 301.12314:83 304.01636:20 321.11298:20 361.77966:20 395.02255:21 410.80685:21 423.85168:20 440.84802:21 446.22:22 446.29034:47 459.15607:22 473.06281:22 491.17862:179 491.20685:1635 491.26547:73,6,6,0,7,10,6,6,0,7,7,0,2602,2258,2091,2510,440,1965,2830,2683,2613,2701,1383,1758,1833,2340,2596,2953,2663,2223,2538,1434.402083,1203.087459,5.333333333,440,2613.888889,490.1041667,5.940656566
,,,,,,,727,14.007,181.0856,"(1R,5S)-8-benzyl-8-azabicyclo[3.2.1]octan-3-one",,[M+H]+,no,yes,,no_yes,Level 3,RP_Plate_POS,ion correlated with 8188; ion correlated with 6660; adduct linked to 7598_[2M+H]+; found in higher mz's MsMs_5301,0.533,TRUE,14,181.086,null,null,null,null,annotated by user-defined text library,TRUE,TRUE,FALSE,FALSE,FALSE,null,null,100,100,null,null,null,32.44,Sample 10,181.08586:3712 182.08921:340 183.09257:2091,40.96918:108 41.03818:199 41.27258:10 43.01811:135 43.03674:22 50.01336:19 51.02359:129 53.03939:16 54.9845:41 55.01793:54 55.05426:79 55.93356:31 56.96317:77 57.03417:20 57.9343:62 58.94071:29 59.93:109 60.93669:119 60.98564:61 65.03864:101 67.05266:31 69.03388:85 70.98039:25 71.05056:9 73.0452:39 76.9316:20 77.03904:843 79.05099:69 79.05709:143 81.03157:44 83.04379:56 84.95964:149 86.9421:30 86.95306:108 86.96677:27 87.93685:31 88.97145:67 91.05318:126 93.06918:31 95.04423:17 102.95686:34 103.05329:74 104.95935:51 104.99548:23 105.03363:47 107.05004:1810 116.93509:65 116.96369:37 116.9764:49 118.9446:23 121.06176:31 121.07253:36 121.10271:48 122.96937:18 129.06306:21 130.94389:36 132.99078:22 134.94202:40 135.08429:51 137.05536:20 144.97266:20 149.02005:38 152.0547:19 152.06075:79 153.06982:56 163.0376:27 166.07851:23 180.07611:34 181.0607:107 181.07124:75 181.08574:82 181.12529:30,210,272,273,290,3622,3154,1264,2994,581,265,2646,391,6280,6093,6353,398,3712,5307,4451,11388,6208,3973,6501,8018,4208,9142,1901,13864,4837,4547,4104.747917,3457.029915,1406.666667,398,6273.538462,4.459861466,15.76265945
